21.678194,110.920248
21.672848,110.920248
21.671572,110.920248
21.669736,110.920248
21.668699,110.920248
21.667342,110.920162
21.666066,110.920248
21.666303,110.921875
21.666457,110.926586
21.665974,110.929583
21.666129,110.93258
21.666284,110.935662
21.666278,110.938658
21.666274,110.941054
21.66619,110.943023
21.666186,110.945076
21.666177,110.949355
21.666173,110.951237
21.666004,110.955429
21.665838,110.957823
21.665747,110.9621
21.665412,110.968172
21.666206,110.969625
21.665875,110.973729
21.666105,110.976978
21.66641,110.98168
21.666005,110.983646
21.665524,110.984672
21.663928,110.984416
21.662014,110.984416
21.659299,110.985014
21.65778,110.985955
21.656741,110.986468
21.655223,110.98681
21.653636,110.983904
21.652682,110.982878
21.651249,110.981766
21.650135,110.980569
21.648304,110.97903
21.647511,110.977064
21.645761,110.975269
21.645127,110.973645
21.644891,110.972362
21.643632,110.965949
21.643482,110.962272
21.643486,110.960648
21.643651,110.958509
21.643654,110.957654
21.643579,110.95543
21.643581,110.954489
21.643504,110.953377
21.64335,110.951238
21.64375,110.950554
21.643357,110.948073
21.643361,110.946019
21.643442,110.944993
21.644003,110.944308
21.6452,110.944565
21.645995,110.945334
21.646474,110.94542
21.646794,110.945334
21.647194,110.944735
21.647515,110.943622
21.647518,110.942425
21.647523,110.939857
21.647205,110.939258
21.647128,110.937461
21.64713,110.936177
21.647293,110.93455
21.647134,110.93378
21.647135,110.93318
21.647137,110.931639
21.647138,110.93104
21.647461,110.928557
21.646984,110.927872
21.646986,110.925987
21.647147,110.924446
21.647148,110.923418
21.64715,110.922476
21.647072,110.921277
21.647232,110.919906
21.647394,110.918621
21.647394,110.917765
21.647554,110.917679
21.648512,110.918107
21.649948,110.918278
21.651144,110.918621
21.651782,110.919135
21.653058,110.920077
21.653696,110.920077
21.654814,110.920077
21.655372,110.920077
21.656649,110.920249
21.657287,110.920249
21.657368,110.919649
21.657448,110.918963
21.65737,110.917764
21.657211,110.916393
21.657212,110.915279
21.657292,110.914936
21.657374,110.912623
21.657374,110.911937
21.657296,110.910138
21.657615,110.908937
21.658015,110.907651
21.658415,110.906966
21.658973,110.905509
21.658893,110.904994
21.657378,110.90448
21.656022,110.90388
21.654585,110.903108
21.653946,110.902423
21.653069,110.902165
21.654107,110.90148
21.654346,110.900365
21.655224,110.89985
21.655463,110.898392
21.656023,110.898307
21.657698,110.898821
21.659294,110.898563
21.659932,110.898993
21.660969,110.898306
21.661768,110.898392
21.662885,110.898306
21.664003,110.897877
21.664641,110.897877
21.66496,110.897877
21.665758,110.898134
21.666635,110.898134
21.667593,110.897963
21.668551,110.897963
21.669509,110.898048
21.670466,110.898048
21.671662,110.898048
21.672621,110.897963
21.673498,110.897963
21.674136,110.897963
21.674375,110.897963
21.674774,110.897963
21.675493,110.898134
21.676769,110.898648
21.677248,110.89882
21.677887,110.898992
21.677887,110.89942
21.678125,110.900706
21.678205,110.902078
21.678045,110.903965
21.678204,110.904907
21.678204,110.905164
21.678443,110.906622
21.678442,110.908508
21.678441,110.910479
21.67804,110.913564
21.678119,110.914935
21.678038,110.915792
21.678436,110.917763
21.678275,110.919648
21.678273,110.921104
21.678028,110.925643
21.678266,110.927441
21.677467,110.927699
21.675792,110.926928
21.674835,110.927014
21.673478,110.927014
21.672521,110.927014
21.671962,110.9271
21.67212,110.928555
21.672116,110.931296
21.672034,110.932665
21.671711,110.934976
21.671708,110.936689
21.671466,110.938401
21.672978,110.940198
21.674416,110.939599
21.675853,110.939342
21.67697,110.939171
21.678006,110.939428
21.679044,110.939428
21.678642,110.941396
21.67864,110.942423
21.678479,110.942937
21.674809,110.942509
21.67449,110.942509
21.673053,110.942937
21.671217,110.943365
21.669701,110.943279
21.668583,110.943279
21.667546,110.943365
21.666109,110.943793
21.664355,110.943365
21.663157,110.943365
21.662359,110.943622
21.660204,110.94405
21.659086,110.944221
21.657888,110.944564
21.656372,110.944564
21.656214,110.944051
21.656775,110.942424
21.657177,110.940798
21.657423,110.936861
103.989333,30.488767
103.989317,30.4867
103.989317,30.4852
103.9893,30.483317
103.989217,30.4794
103.989183,30.476467
103.989117,30.47255
103.989117,30.47095
103.98905,30.467917
103.988817,30.466383
103.98815,30.464583
103.985467,30.460817
103.983533,30.45835
103.981383,30.456433
103.9814,30.4564
103.981433,30.456367
103.9815,30.456333
103.98165,30.456317
103.98225,30.456333
103.987367,30.45715
103.993033,30.45815
103.9949,30.458267
103.998133,30.45795
104.000117,30.457283
104.005967,30.455083
104.007633,30.4545
104.007933,30.454333
104.0083,30.45405
104.009033,30.4538
104.01095,30.453017
104.0113,30.452767
104.011433,30.4526
104.01165,30.452133
104.011983,30.45105
104.01195,30.450783
104.011767,30.450417
104.0098,30.447
104.007617,30.443467
104.004783,30.440567
104.00045,30.43735
103.9998,30.436317
103.996983,30.431733
103.994833,30.429383
103.992117,30.426383
103.988067,30.422067
103.98395,30.417533
103.9807,30.414
103.97935,30.412483
103.975717,30.408533
103.9734,30.406083
103.97315,30.405833
103.97045,30.402833
103.966633,30.398467
103.96575,30.39655
103.964383,30.391333
103.96275,30.384967
103.962133,30.3828
103.962083,30.382767
103.96205,30.382767
103.961883,30.382817
103.960333,30.383283
103.955733,30.384133
103.95075,30.385283
103.9454,30.386733
103.941167,30.387733
103.9396,30.387717
103.933717,30.387233
103.93135,30.38705
103.927683,30.386767
103.9271,30.386883
103.923483,30.388183
103.923333,30.38805
103.923233,30.387817
103.923017,30.387783
103.923067,30.387867
103.923333,30.3882
103.923283,30.388367
103.923117,30.38845
103.923,30.388533
103.922967,30.388583
103.92295,30.38865
103.92295,30.388717
103.923167,30.38915
103.924817,30.392667
103.924817,30.39275
103.9248,30.392833
103.92475,30.392917
103.924583,30.39305
103.924383,30.393183
103.918383,30.395383
103.914233,30.39675
103.912433,30.396933
103.907233,30.396783
103.9066,30.397017
103.905867,30.397467
103.9047,30.398583
103.90105,30.40215
103.8984,30.404567
103.894983,30.407533
103.89165,30.410367
103.889917,30.411433
103.8844,30.413683
103.8792,30.415667
103.877183,30.41605
103.875667,30.416083
103.873283,30.41575
103.8695,30.414317
103.86345,30.4117
103.8606,30.410683
103.859183,30.410467
103.857033,30.410567
103.854767,30.410683
103.85305,30.41045
103.847283,30.408283
103.842133,30.406167
103.838733,30.405017
103.837917,30.404933
103.837117,30.405
103.8364,30.4052
103.835567,30.405617
103.8349,30.406117
103.83155,30.409867
103.830983,30.410833
103.830633,30.41205
103.830467,30.413483
103.83075,30.415867
103.83105,30.416833
103.831,30.41695
103.830867,30.41705
103.830733,30.4171
103.830567,30.417133
103.830167,30.417117
103.82565,30.416867
103.822117,30.4167
103.821317,30.4167
103.821017,30.416733
103.816833,30.416967
103.813483,30.41715
103.811967,30.417283
103.808383,30.417533
103.806133,30.41765
103.804567,30.417767
103.803267,30.417783
103.799167,30.417917
103.79415,30.417717
103.7911,30.41795
103.7894,30.41815
103.788583,30.418033
103.785717,30.4171
103.783967,30.416133
103.782367,30.414917
103.78005,30.412033
103.77795,30.409367
103.774933,30.405633
103.772933,30.403367
103.771967,30.4027
103.770317,30.40205
103.7685,30.401717
103.76535,30.401317
103.764783,30.4011
103.764183,30.400767
103.761683,30.398667
103.758317,30.39655
103.756817,30.39615
103.754833,30.395933
103.749183,30.396167
103.743383,30.3965
103.7381,30.396767
103.7326,30.397067
103.729433,30.397367
103.7246,30.398483
103.721717,30.399333
103.71625,30.40085
103.710667,30.402283
103.7049,30.403767
103.699833,30.405217
103.695817,30.4064
103.694767,30.40645
103.693383,30.406317
103.68855,30.4047
103.683317,30.402867
103.681017,30.402283
103.6782,30.40215
103.67495,30.4025
103.66925,30.403317
103.662033,30.404617
103.661033,30.404517
103.655433,30.40315
103.653533,30.40285
103.646267,30.403133
103.637283,30.403567
103.6349,30.40345
103.633017,30.403017
103.6263,30.400383
103.62055,30.398333
103.614417,30.397267
103.60655,30.396117
103.598617,30.396517
103.591133,30.396883
103.58125,30.396533
103.572417,30.39635
103.5643,30.396717
103.557983,30.39875
103.552683,30.400767
103.547917,30.403517
103.546583,30.40385
103.545283,30.403967
103.538983,30.403483
103.535867,30.403267
103.532167,30.402967
103.530767,30.40305
103.52845,30.403583
103.524233,30.405067
103.519317,30.40685
103.5155,30.408117
103.512483,30.40845
103.506933,30.408133
103.504017,30.40795
103.49875,30.407633
103.495417,30.407483
103.495317,30.407517
103.49515,30.40765
103.495,30.4078
103.494917,30.408017
103.494867,30.40865
103.494333,30.414083
103.493567,30.419717
103.493217,30.421967
103.493117,30.4221
103.49305,30.42215
103.492967,30.422167
103.492867,30.422183
103.49265,30.4222
103.487183,30.421717
103.48075,30.42115
103.47925,30.421017
103.479183,30.42105
103.479083,30.421133
103.479033,30.4212
103.478983,30.421417
103.478383,30.4251
103.477967,30.426583
103.477183,30.429117
103.47705,30.4298
103.477017,30.429683
103.47815,30.425967
103.4787,30.422633
103.47885,30.421017
103.4788,30.42095
103.478733,30.4209
103.478633,30.420867
103.478433,30.420833
103.47495,30.420417
103.474267,30.42045
103.474133,30.42055
103.474017,30.420717
103.472667,30.424217
103.47115,30.42825
103.470317,30.430783
103.47035,30.43085
103.470417,30.4309
103.470517,30.431117
103.4705,30.431333
103.470333,30.430717
103.470467,30.429817
103.472,30.42575
103.473583,30.42145
103.4743,30.418833
103.4743,30.417667
103.474017,30.416417
103.472767,30.412683
103.472367,30.4117
103.47125,30.410133
103.469983,30.40835
103.469233,30.407283
103.467667,30.404467
103.466817,30.403117
103.4653,30.400833
103.465183,30.400633
103.465167,30.400567
103.4652,30.400467
103.46525,30.400433
103.465367,30.400383
103.467217,30.39915
103.467283,30.399033
103.467283,30.39895
103.466883,30.3985
103.4667,30.3984
103.4667,30.3984
103.466067,30.398517
103.46525,30.397317
103.465167,30.397067
103.464067,30.395333
103.464117,30.395183
103.464333,30.395033
103.465967,30.393967
103.465967,30.393917
103.465967,30.39385
103.4659,30.3937
103.46565,30.393417
103.4632,30.390483
103.461133,30.388033
103.459433,30.38575
103.459133,30.3849
103.458733,30.382933
103.4584,30.38245
103.45795,30.38205
103.457533,30.3818
103.453383,30.379683
103.452733,30.378967
103.450117,30.375183
103.4469,30.3714
103.443517,30.367367
103.440817,30.363017
103.438367,30.359067
103.437517,30.358017
103.43625,30.356983
103.431983,30.354217
103.4278,30.351433
103.4265,30.350383
103.425633,30.3493
103.42365,30.345317
103.421583,30.341083
103.419733,30.337333
103.41895,30.3359
103.417283,30.33425
103.4162,30.333283
103.416117,30.333267
103.416033,30.333283
103.415967,30.333333
103.4153,30.333583
103.4148,30.333617
103.4144,30.333567
103.410933,30.332683
103.410333,30.332367
103.409833,30.331983
103.40945,30.331533
103.4085,30.32995
103.408133,30.3297
103.4077,30.32955
103.4073,30.329467
103.404083,30.32935
103.400383,30.32925
103.400067,30.3294
103.39995,30.329517
103.399867,30.32965
103.399817,30.329783
103.399783,30.329933
103.399783,30.330083
103.399867,30.330367
103.399983,30.330467
103.400117,30.330533
103.400267,30.330567
103.400433,30.330583
103.4006,30.330567
103.40075,30.3305
103.400883,30.330417
103.400983,30.330317
103.401033,30.3302
103.401133,30.329933
103.402833,30.324183
103.405233,30.31735
103.40735,30.314017
103.410267,30.310883
103.41695,30.3049
103.421567,30.301217
103.424717,30.299617
103.42845,30.298433
103.437867,30.296717
103.44745,30.294517
103.455267,30.291417
103.463567,30.2872
103.472183,30.282883
103.481417,30.279767
103.490783,30.2769
103.4997,30.2725
103.50815,30.267967
103.516867,30.26385
103.524033,30.26175
103.533833,30.260217
103.540933,30.258883
103.544233,30.25755
103.54695,30.2559
103.54955,30.253683
103.553417,30.249033
103.5559,30.24675
103.55885,30.244883
103.567067,30.240533
103.570333,30.2377
103.57295,30.234417
103.57515,30.230233
103.57855,30.222433
103.5806,30.21855
103.582817,30.215967
103.585567,30.213783
103.606967,30.206633
103.6097,30.204767
103.612267,30.202967
103.6144,30.200783
103.619467,30.193767
103.620983,30.192633
103.622717,30.191767
103.624883,30.191083
103.626867,30.1908
103.636383,30.190567
103.638833,30.18975
103.640567,30.18885
103.6423,30.18755
103.643917,30.18575
103.6451,30.1837
103.646917,30.180317
103.648533,30.178517
103.6503,30.177183
103.658633,30.17245
103.66695,30.167817
103.670617,30.166417
103.67995,30.163533
103.68895,30.159883
103.6979,30.156167
103.706883,30.1525
103.711967,30.1512
103.721433,30.1497
103.731183,30.148217
103.741033,30.147067
103.75085,30.1459
103.7607,30.144733
103.77055,30.143583
103.7804,30.143117
103.790317,30.143083
103.800217,30.143717
103.80805,30.144667
103.810367,30.144417
103.812233,30.143867
103.813983,30.14305
103.818467,30.140667
103.820683,30.1401
103.822983,30.139883
103.8253,30.14005
103.83455,30.142233
103.8444,30.144667
103.854083,30.14655
103.863983,30.14695
103.8739,30.147083
103.883817,30.147183
103.89375,30.147433
103.896667,30.147917
103.906,30.150817
103.915617,30.152917
103.925017,30.154533
103.934583,30.1543
103.93855,30.1546
103.942367,30.155517
103.951467,30.158133
103.958133,30.1598
103.961417,30.159917
103.9647,30.159467
103.974033,30.1576
103.9838,30.1562
103.99365,30.155333
104.003583,30.155383
104.0135,30.1556
104.02335,30.154683
104.027317,30.1546
104.036833,30.155433
104.04675,30.155183
104.055733,30.156617
104.058267,30.156817
104.058567,30.156717
104.0588,30.15655
104.0589,30.1563
104.0589,30.156167
104.058867,30.15605
104.058783,30.155933
104.0587,30.155833
104.058567,30.15575
104.058433,30.155717
104.058283,30.155683
104.058133,30.1557
104.057983,30.15575
104.057733,30.1559
104.057533,30.1561
104.057317,30.1565
104.056517,30.158517
104.0561,30.16085
104.056133,30.16245
104.057717,30.167817
104.0592,30.171633
104.0607,30.173733
104.062667,30.175517
104.067417,30.179183
104.0686,30.1803
104.0692,30.1811
104.069667,30.182183
104.06995,30.183683
104.07,30.188783
104.070067,30.18935
104.07015,30.1895
104.07055,30.189883
104.0728,30.191867
104.073533,30.192967
104.07495,30.195483
104.075733,30.19625
104.07695,30.197017
104.08125,30.198967
104.08475,30.200633
104.085067,30.200933
104.085467,30.20135
104.085683,30.202
104.085817,30.202967
104.086,30.206967
104.086217,30.211017
104.086383,30.2117
104.086783,30.212367
104.089183,30.215717
104.090683,30.2179
104.0908,30.218267
104.090817,30.218833
104.090233,30.220817
104.089,30.224867
104.088333,30.22655
104.087283,30.227933
104.08615,30.229117
104.086133,30.229317
104.086367,30.230017
104.087617,30.231633
104.088817,30.233167
104.08935,30.233867
104.089967,30.2347
104.090917,30.235883
104.091683,30.2369
104.092417,30.238083
104.092983,30.23985
104.093167,30.239983
104.093017,30.240167
104.09305,30.2404
104.093633,30.242633
104.094133,30.244067
104.0947,30.244983
104.09585,30.24615
104.0971,30.24695
104.1007,30.249067
104.1033,30.250883
104.10395,30.25165
104.1061,30.254933
104.108583,30.258783
104.111367,30.263083
104.1124,30.26505
104.1134,30.2692
104.114183,30.273033
104.115133,30.27765
104.115083,30.278383
104.1148,30.27935
104.11445,30.279983
104.113633,30.280917
104.11185,30.282817
104.1115,30.283533
104.111267,30.284483
104.111283,30.2852
104.11155,30.286317
104.112417,30.288567
104.112367,30.288667
104.112233,30.2887
104.11215,30.2887
104.111583,30.288583
104.110367,30.288467
104.109017,30.28855
104.106617,30.289133
104.10015,30.290983
104.093733,30.29285
104.087983,30.294483
104.082317,30.296083
104.078183,30.297317
104.077733,30.297533
104.077033,30.29805
104.074333,30.300617
104.073683,30.30085
104.0716,30.30135
104.071317,30.301533
104.070317,30.302483
104.070183,30.302767
104.070167,30.30305
104.070117,30.303833
104.06995,30.30435
104.069967,30.309467
104.069933,30.315167
104.069967,30.3209
104.069967,30.326583
104.07,30.331167
104.069933,30.336283
104.069917,30.341533
104.0699,30.34785
104.069917,30.354217
104.069933,30.360517
104.06995,30.366467
104.06995,30.372217
104.06995,30.377933
104.06995,30.38365
104.070033,30.389367
104.070067,30.394817
104.070217,30.395317
104.070233,30.398783
104.0702,30.403267
104.0702,30.40705
104.070217,30.408367
104.070117,30.4108
104.070017,30.411133
104.070017,30.415067
104.069983,30.420417
104.07,30.426333
104.069983,30.431867
104.07,30.437767
104.07,30.4435
104.070117,30.448167
104.070167,30.448267
104.070267,30.448333
104.070367,30.448367
104.070467,30.448383
104.070567,30.448367
104.07115,30.44815
104.071333,30.448017
104.0714,30.447933
104.071417,30.447833
104.071383,30.44775
104.071317,30.447683
104.071217,30.4476
104.071133,30.44755
104.070183,30.447383
104.065333,30.446667
104.063017,30.446267
104.058617,30.44485
104.055783,30.444833
104.0541,30.444983
104.0529,30.445367
104.051767,30.446
104.0508,30.446833
104.04705,30.450783
104.0461,30.4513
104.044833,30.451667
104.043683,30.45185
104.042733,30.451833
104.041417,30.4516
104.036483,30.449717
104.0351,30.4497
104.033917,30.44985
104.02925,30.450983
104.0264,30.451133
104.020067,30.451183
104.0168,30.4513
104.0149,30.451817
104.014733,30.451967
104.014633,30.45215
104.0141,30.453383
104.0141,30.453633
104.014167,30.4539
104.016833,30.458517
104.019283,30.4628
104.02155,30.466767
104.0237,30.470833
104.025833,30.474983
104.0268,30.477933
104.028617,30.4834
104.030333,30.488733
104.031333,30.494417
104.03235,30.5
104.0333,30.504717
104.035133,30.509467
104.0371,30.514233
104.037283,30.515133
104.038533,30.51895
104.039933,30.52295
104.0416,30.527333
104.043183,30.531667
104.0441,30.534367
104.044183,30.536633
104.044217,30.536733
104.044267,30.53695
104.044483,30.536917
104.044533,30.537233
104.04425,30.5373
104.044167,30.5374
104.04415,30.537567
104.044067,30.540133
104.044,30.54025
104.043867,30.54035
104.0438,30.5404
104.043617,30.540417
104.0386,30.540383
104.033267,30.54035
104.032033,30.540417
104.031967,30.54045
104.031917,30.5405
104.031883,30.540567
104.031867,30.540633
104.03185,30.542417
104.031867,30.542683
104.0319,30.544467
104.031967,30.54455
104.032033,30.544583
104.032117,30.5446
104.033267,30.544617
104.033583,30.544633
104.033617,30.544883
104.033533,30.54515
104.033517,30.54515
104.033383,30.547083
104.03185,30.54705
104.0318,30.546983
104.031767,30.5469
104.031733,30.546183
104.031833,30.54485
104.03165,30.5447
104.031483,30.544667
104.028,30.5446
104.02775,30.544667
104.02785,30.545167
104.028067,30.545433
104.029133,30.545433
104.029133,30.545433
104.0291,30.54525
104.029117,30.544733
104.029217,30.544667
104.0295,30.5446
104.029967,30.5446
104.031517,30.544533
104.031717,30.544467
104.031783,30.544367
104.0318,30.544117
104.03185,30.54245
104.031867,30.540517
104.03195,30.540333
104.03205,30.540267
104.032183,30.540233
104.035233,30.540267
104.038967,30.540283
104.042267,30.540283
104.043567,30.5402
104.043733,30.540067
104.04375,30.54
104.043783,30.53915
104.043683,30.536383
104.043683,30.534467
104.042833,30.531483
104.042117,30.5295
104.04195,30.52895
104.041983,30.528633
104.0421,30.5285
104.042183,30.528467
104.042433,30.528417
104.043983,30.528533
104.045083,30.528583
104.045417,30.528567
104.0455,30.528517
104.04555,30.528433
104.04555,30.528233
104.04505,30.526117
104.044683,30.52415
104.044083,30.52135
104.0439,30.520633
104.04365,30.520533
104.043433,30.52045
104.042983,30.5203
104.042983,30.5203
104.042567,30.520183
104.042283,30.520233
104.042083,30.5204
104.041417,30.520917
104.040783,30.5211
104.040433,30.521117
104.040333,30.521233
104.04045,30.5214
104.04015,30.521883
104.039917,30.522
104.039817,30.522117
104.039817,30.5222
104.040567,30.5244
104.041817,30.5278
104.043367,30.532333
104.044033,30.534867
104.043967,30.539817
104.04395,30.544683
104.04405,30.549833
104.043833,30.555467
104.043833,30.5603
104.043783,30.56485
104.04375,30.567983
104.043717,30.568533
104.043183,30.570333
104.043083,30.571133
104.043133,30.571367
104.043683,30.572717
104.04375,30.5728
104.043867,30.572833
104.04395,30.57285
104.044067,30.57285
104.044267,30.572817
104.045,30.5726
104.045217,30.572467
104.045317,30.572283
104.045317,30.572183
104.045267,30.572067
104.045183,30.572
104.045067,30.57195
104.04495,30.571917
104.0447,30.5719
104.04445,30.571967
104.039433,30.573367
104.033383,30.574917
104.0254,30.57755
104.01925,30.580833
104.01225,30.585817
104.009733,30.587333
104.00755,30.588217
104.005517,30.588683
104.002483,30.588833
103.9937,30.588717
103.989417,30.588967
103.98685,30.589533
103.984133,30.590583
103.9802,30.593
103.974083,30.597183
103.967433,30.6009
103.959567,30.6044
103.952917,30.607717
103.951933,30.6085
103.9516,30.608867
103.951367,30.609433
103.951317,30.609833
103.951333,30.610617
103.951533,30.61095
103.951833,30.6113
103.952333,30.611683
103.952683,30.6118
103.9532,30.611983
103.9534,30.612117
103.954033,30.612617
103.9565,30.61385
103.95935,30.615117
103.9629,30.616633
103.964217,30.6172
103.964267,30.617167
103.964367,30.617083
103.965067,30.615783
103.966683,30.613083
103.967067,30.612617
103.967267,30.61255
103.967433,30.612567
103.967617,30.612617
103.969367,30.613367
103.969483,30.613333
103.96955,30.613233
103.972333,30.6085
103.972467,30.60815
103.972567,30.608117
103.972767,30.608133
103.973917,30.608283
103.975733,30.60795
103.976783,30.607717
103.979517,30.607633
103.979617,30.6077
103.979517,30.607833
103.978833,30.607917
103.97875,30.608117
103.9787,30.6082
103.9786,30.6078
103.9786,30.6078
103.979217,30.607817
103.97965,30.607883
103.9795,30.607767
103.976867,30.608017
103.973867,30.608317
103.972533,30.60825
103.972467,30.608317
103.972433,30.608417
103.9707,30.611433
103.96855,30.614967
103.967,30.6175
103.96645,30.618333
103.966367,30.618367
103.966233,30.618367
103.964183,30.61745
103.957867,30.614583
103.956617,30.614033
103.951833,30.611867
103.9459,30.609183
103.9417,30.607483
103.939967,30.606767
103.93985,30.6068
103.939767,30.606883
103.939617,30.607183
103.938417,30.609883
103.938367,30.61015
103.938417,30.610233
103.938467,30.61025
103.939233,30.610567
103.940283,30.611033
103.940367,30.61095
103.9413,30.609233
103.941633,30.608617
103.9416,30.60885
103.941233,30.609467
103.941083,30.609467
103.939283,30.608733
103.938967,30.608667
103.93895,30.60855
103.939083,30.60815
103.939383,30.6074
103.939333,30.607217
103.939417,30.607033
103.939417,30.606783
103.939517,30.6066
103.939767,30.606483
103.939917,30.60645
103.939983,30.60645
103.940083,30.606467
103.940817,30.606717
103.943817,30.608083
103.945767,30.608767
103.947117,30.609
103.948633,30.609017
103.9501,30.60875
103.951383,30.608267
103.956367,30.6056
103.961033,30.603567
103.965783,30.6015
103.971583,30.598533
103.977183,30.594917
103.9817,30.591817
103.984833,30.5901
103.98825,30.589
103.991567,30.58855
103.997283,30.588583
104.00325,30.58875
104.0058,30.58855
104.008283,30.587933
104.010117,30.5871
104.013933,30.584567
104.018533,30.581267
104.0236,30.578283
104.029167,30.576017
104.034483,30.574483
104.0396,30.572883
104.0403,30.572633
104.040483,30.572483
104.040617,30.572317
104.040967,30.571717
104.04125,30.571533
104.04235,30.571183
104.0424,30.571117
104.042433,30.57105
104.04245,30.570917
104.042583,30.569967
104.0433,30.5685
104.0434,30.568117
104.043583,30.566467
104.043633,30.565567
104.043667,30.562667
104.043733,30.561483
104.043783,30.557933
104.04375,30.5538
104.044133,30.5478
104.04385,30.5439
104.043917,30.53865
104.043783,30.533867
104.04285,30.531383
104.041917,30.528933
104.041867,30.528567
104.04205,30.528483
104.042833,30.528467
104.0454,30.5286
104.045533,30.528517
104.045567,30.528383
104.045567,30.528317
104.0455,30.528067
104.0449,30.525283
104.044433,30.5229
104.043967,30.52065
104.04365,30.520617
104.043517,30.520467
104.042383,30.520133
104.042383,30.520133
104.042083,30.52035
104.04185,30.520517
104.0416,30.520717
104.041033,30.5211
104.0408,30.52115
104.04045,30.521167
104.040283,30.521317
104.040367,30.52165
104.039867,30.522
104.039833,30.522083
104.03985,30.522183
104.0405,30.5241
104.041267,30.526367
104.042933,30.53075
104.044033,30.534417
104.044033,30.53855
104.043933,30.543133
104.04395,30.547567
104.043667,30.550233
104.043833,30.555433
104.04385,30.559867
104.04385,30.564583
104.04375,30.567467
104.043667,30.5687
104.043183,30.570217
104.043117,30.571083
104.043217,30.57145
104.04375,30.572733
104.0438,30.5728
104.043883,30.57285
104.044083,30.572883
104.044183,30.572867
104.0449,30.57265
104.045117,30.572567
104.04525,30.57245
104.045317,30.572367
104.045317,30.572267
104.0453,30.572167
104.045267,30.572083
104.045183,30.572
104.045083,30.571967
104.044883,30.5719
104.044617,30.571917
104.040033,30.573167
104.035817,30.57425
104.0285,30.5764
104.0227,30.578883
104.0164,30.582867
104.009567,30.58745
104.00735,30.588283
104.0053,30.5887
104.00195,30.588817
103.993167,30.588683
103.989267,30.588983
103.98635,30.589717
103.98365,30.590867
103.977133,30.595167
103.9697,30.599683
103.961717,30.603433
103.953733,30.607167
103.950083,30.609867
103.948883,30.611167
103.948817,30.6115
103.948883,30.611617
103.94895,30.611717
103.94905,30.611783
103.949183,30.611833
103.949433,30.61185
103.949667,30.611733
103.94975,30.61165
103.9498,30.61155
103.949833,30.611433
103.94985,30.611317
103.949733,30.6111
103.94965,30.611017
103.949417,30.610933
103.948083,30.610283
103.946967,30.609917
103.946,30.609383
103.94495,30.609083
103.943933,30.608767
103.943767,30.608767
103.943633,30.6088
103.943517,30.608883
103.943283,30.609183
103.943233,30.609367
103.943117,30.6097
103.94155,30.611867
103.941067,30.612467
103.940367,30.613967
103.940283,30.613867
103.940333,30.6137
103.941233,30.611583
103.94115,30.611483
103.941033,30.611417
103.940283,30.611
103.940617,30.6103
103.941583,30.608633
103.94175,30.608433
103.941283,30.609383
103.941283,30.609383
103.941133,30.609433
103.93975,30.6089
103.938933,30.608467
103.9392,30.6079
103.939867,30.606583
103.939967,30.606517
103.9401,30.6065
103.94025,30.606517
103.940717,30.606683
103.94365,30.607983
103.945767,30.608817
103.9478,30.60905
103.949417,30.608883
103.950767,30.608517
103.951983,30.6079
103.9563,30.605683
103.9607,30.603683
103.9653,30.601633
103.970283,30.599233
103.974717,30.596583
103.97885,30.59375
103.983367,30.590783
103.9863,30.589533
103.989233,30.5888
103.9927,30.588517
103.9984,30.588617
104.004467,30.588633
104.006967,30.58825
104.00925,30.58745
104.011517,30.586183
104.015567,30.583283
104.019433,30.580617
104.024,30.578083
104.029117,30.576067
104.032717,30.574933
104.03555,30.574183
104.037317,30.573633
104.038483,30.573233
104.039367,30.572967
104.040317,30.572617
104.0406,30.572317
104.0409,30.571783
104.041083,30.571633
104.041233,30.571567
104.0423,30.571217
104.042383,30.571117
104.042417,30.570967
104.042633,30.569933
104.043433,30.568017
104.04365,30.56525
104.043733,30.561733
104.043717,30.5591
104.04375,30.555683
104.04365,30.553533
104.044117,30.547217
104.043867,30.54335
104.04385,30.539333
104.043917,30.536517
104.043983,30.534617
104.043267,30.532467
104.0423,30.529833
104.042,30.529
104.042067,30.528667
104.042183,30.5286
104.042383,30.528567
104.043067,30.52855
104.045333,30.528583
104.0454,30.528567
104.045483,30.528483
104.045533,30.528367
104.045533,30.528217
104.044917,30.525317
104.044083,30.521467
104.043883,30.520633
104.04385,30.520617
104.043633,30.520517
104.043533,30.52045
104.0424,30.5202
104.042217,30.520283
104.0417,30.520067
104.0417,30.520067
104.042,30.520033
104.042417,30.520017
104.043517,30.5201
104.043167,30.520267
104.043167,30.520267
104.042867,30.5203
104.042317,30.520233
104.042117,30.520367
104.04145,30.520917
104.0408,30.5211
104.040467,30.521083
104.040267,30.521183
104.040417,30.521367
104.04035,30.521767
104.040117,30.521883
104.039967,30.521933
104.039867,30.522033
104.039833,30.522117
104.03985,30.522217
104.0405,30.524183
104.0405,30.52445
104.041683,30.52745
104.042383,30.528783
104.042383,30.5291
104.043517,30.532567
104.04405,30.534333
104.044133,30.5367
104.044183,30.53795
104.044117,30.540133
104.043733,30.540383
104.043383,30.540433
104.03975,30.5404
104.036067,30.540367
104.0326,30.54035
104.032033,30.5404
104.03195,30.540483
104.0319,30.540583
104.0319,30.541083
104.031883,30.542483
104.0319,30.544217
104.031917,30.54445
104.031983,30.544517
104.032083,30.544567
104.032217,30.5446
104.0335,30.544617
104.03335,30.544683
104.030567,30.54465
104.028183,30.54465
104.027783,30.544717
104.027917,30.5453
104.027783,30.545383
104.02785,30.545467
104.030267,30.5454
104.030267,30.5454
104.030083,30.545217
104.029867,30.544983
104.029733,30.544867
104.02975,30.544667
104.029517,30.544817
104.02925,30.547
104.029233,30.549417
104.029233,30.552
104.02925,30.553433
104.029367,30.553517
104.0296,30.553567
104.032383,30.553583
104.034367,30.5537
104.03445,30.553917
104.034567,30.554767
104.034617,30.5571
104.0347,30.55795
104.034733,30.558017
104.03485,30.558083
104.035433,30.558083
104.038133,30.558167
104.039433,30.55815
104.04285,30.558133
104.04355,30.558067
104.043617,30.558
104.043617,30.557867
104.0436,30.555383
104.0436,30.55365
104.043783,30.550367
104.04385,30.5493
104.04395,30.549233
104.044183,30.549167
104.047217,30.549133
104.05125,30.549183
104.056117,30.549233
104.059233,30.54925
104.0615,30.549283
104.061833,30.54925
104.061933,30.5493
104.061933,30.549533
104.061883,30.550417
104.061817,30.5507
104.061983,30.55075
104.0632,30.550817
104.0617,30.55085
104.061583,30.550617
104.061733,30.5495
104.0616,30.549333
104.061333,30.5493
104.058967,30.54935
104.058583,30.549417
104.055367,30.549467
104.054267,30.549167
104.054217,30.549
104.054217,30.545583
104.05425,30.541933
104.0543,30.5399
104.054783,30.5367
104.054383,30.5339
104.054083,30.531983
104.05365,30.52945
104.05335,30.526983
104.053067,30.525033
104.052717,30.5228
104.052483,30.520883
104.05225,30.519433
104.0519,30.5173
104.051583,30.515017
104.05145,30.51385
104.051567,30.5137
104.052367,30.51315
104.055167,30.511417
104.055333,30.511267
104.0553,30.5112
104.0542,30.509683
104.05415,30.50955
104.054433,30.50955
104.05465,30.5102
104.05465,30.5102
104.0555,30.511367
104.055467,30.51145
104.055383,30.511517
104.053583,30.51255
104.051483,30.5139
104.051467,30.513967
104.051983,30.516717
104.052217,30.51875
104.052817,30.522367
104.053283,30.525717
104.0539,30.529483
104.054417,30.533367
104.055,30.53645
104.055017,30.5368
104.054667,30.539217
104.054433,30.54095
104.054517,30.5442
104.054417,30.54705
104.054467,30.54905
104.054617,30.549217
104.05475,30.54925
104.05595,30.549267
104.05825,30.549267
104.058483,30.549283
104.0603,30.549167
104.0615,30.549283
104.06165,30.549367
104.061767,30.549517
104.061833,30.549717
104.061783,30.550267
104.0614,30.550183
104.0616,30.54945
104.061517,30.54935
104.061317,30.54935
104.0591,30.549267
104.0568,30.549333
104.051983,30.5493
104.048283,30.549267
104.044617,30.549283
104.044183,30.549333
104.044083,30.5494
104.04405,30.549467
104.044,30.549617
104.04395,30.55295
104.0439,30.5535
104.043683,30.55375
104.04345,30.553767
104.039933,30.553767
104.03575,30.553733
104.031617,30.553683
104.028317,30.553683
104.0269,30.553733
104.02675,30.553783
104.02665,30.553867
104.026617,30.553967
104.026617,30.5541
104.026883,30.554617
104.02795,30.55665
104.0294,30.55945
104.0303,30.56095
104.030433,30.560933
104.030717,30.560833
104.030933,30.561033
104.031083,30.56125
104.031183,30.561367
104.031933,30.560967
104.0322,30.560917
104.032667,30.561567
104.032667,30.561567
104.0327,30.56145
104.03115,30.561383
104.030983,30.561233
104.030867,30.560983
104.030667,30.562
104.030667,30.562
104.030583,30.561917
104.029533,30.55995
104.028183,30.557383
104.027367,30.555817
104.0265,30.554017
104.026567,30.5538
104.026783,30.5536
104.0269,30.553567
104.028917,30.553467
104.028983,30.553433
104.029067,30.55335
104.029117,30.55325
104.029067,30.550633
104.0291,30.548133
104.029117,30.54555
104.029183,30.544717
104.029317,30.544617
104.02945,30.544583
104.0297,30.54455
104.031633,30.5445
104.031767,30.54445
104.031833,30.544367
104.031883,30.5443
104.031817,30.542067
104.031783,30.540467
104.031733,30.5404
104.031633,30.540367
104.0314,30.540333
104.02795,30.540217
104.0272,30.540017
104.025033,30.5391
104.025083,30.538917
104.025767,30.538117
104.026267,30.537267
104.026317,30.537133
104.026983,30.536667
104.02765,30.53605
104.027917,30.535667
104.028,30.53545
104.028667,30.533917
104.02955,30.531917
104.030017,30.530883
104.0299,30.53075
104.029817,30.530517
104.0298,30.5304
104.029867,30.5302
104.0314,30.52785
104.0317,30.5277
104.0319,30.527683
104.0355,30.52795
104.039383,30.528183
104.041733,30.5282
104.040733,30.525717
104.039567,30.522717
104.03855,30.519733
104.03775,30.5173
104.037317,30.515867
104.037017,30.514933
104.037067,30.51485
104.03715,30.5148
104.037367,30.514833
104.037483,30.515083
104.038333,30.51775
104.03925,30.520633
104.039733,30.521783
104.03985,30.52185
104.0401,30.521883
104.043017,30.521483
104.043567,30.5214
104.043733,30.521367
104.0439,30.521333
104.044,30.521233
104.044033,30.521133
104.043933,30.520683
104.043367,30.520733
104.043367,30.520733
104.042833,30.520583
104.04245,30.52075
104.042167,30.5209
104.04185,30.52125
104.04165,30.521283
104.041067,30.521367
104.040517,30.52115
104.0403,30.521167
104.040267,30.521183
104.040383,30.520983
104.040333,30.51995
104.040517,30.519867
104.0411,30.519733
104.041783,30.519833
104.0421,30.5199
104.04235,30.519933
104.043917,30.5202
104.043967,30.520183
104.04405,30.51995
104.044317,30.51915
104.044733,30.518133
104.044733,30.518
104.0447,30.517933
104.044583,30.517883
104.043683,30.5179
104.04285,30.517983
104.044067,30.517883
104.044733,30.517917
104.044833,30.518017
104.0449,30.51815
104.044883,30.518333
104.044133,30.520017
104.044083,30.5205
104.043783,30.520617
104.043583,30.520467
104.04265,30.5202
104.04265,30.5202
104.042233,30.520183
104.042033,30.52005
104.0419,30.5206
104.0419,30.5206
104.0415,30.5209
104.040717,30.521133
104.040383,30.52115
104.040367,30.52135
104.040367,30.521567
104.040367,30.521783
104.0401,30.521883
104.03995,30.52195
104.03985,30.522067
104.039833,30.52215
104.039917,30.522517
104.040533,30.524267
104.04055,30.524417
104.042017,30.528317
104.0437,30.53325
104.04405,30.534567
104.043983,30.539267
104.043933,30.543633
104.0439,30.548
104.044083,30.5498
104.04435,30.550017
104.04385,30.555183
104.043883,30.557483
104.043883,30.55835
104.043867,30.560017
104.0439,30.562267
104.043833,30.562967
104.043867,30.563767
104.043767,30.566
104.0436,30.568467
104.042967,30.570883
104.043083,30.571433
104.043867,30.575983
104.04405,30.580767
104.044067,30.585283
104.0442,30.589733
104.044683,30.594367
104.0457,30.599033
104.047067,30.604433
104.047167,30.605217
104.046417,30.609717
104.0462,30.6118
104.045917,30.61555
104.0458,30.6167
104.045567,30.618817
104.04555,30.6211
104.0457,30.6216
104.04615,30.622183
104.047083,30.623317
104.0471,30.626067
104.046767,30.626267
104.045467,30.627
104.045217,30.6272
104.045133,30.627383
104.045,30.627883
104.044833,30.628033
104.044567,30.628217
104.044517,30.628383
104.044517,30.628467
104.04455,30.6286
104.044617,30.628733
104.045317,30.629833
104.04585,30.630783
104.0462,30.6312
104.048267,30.634383
104.05065,30.638067
104.051683,30.639567
104.051817,30.639733
104.0519,30.63975
104.052,30.639717
104.052333,30.639533
104.05405,30.638867
104.054983,30.640167
104.055183,30.640483
104.055383,30.64045
104.056633,30.6399
104.057217,30.639667
104.057517,30.63985
104.058383,30.641583
104.059133,30.642817
104.059217,30.643717
104.058833,30.643867
104.058733,30.645217
104.058733,30.645417
104.05855,30.645317
104.058383,30.645
104.05655,30.644767
104.05655,30.644767
104.056533,30.645383
104.056917,30.64575
104.057333,30.646233
104.057333,30.646483
104.056467,30.646983
104.056133,30.64695
104.05525,30.645783
104.054617,30.6448
104.054033,30.64375
104.053767,30.643283
104.053,30.642033
104.0521,30.640717
104.051167,30.639317
104.048533,30.635467
104.047317,30.633317
104.0464,30.631917
104.045883,30.6311
104.0455,30.630583
104.044133,30.62825
104.043667,30.627567
104.043383,30.6274
104.04315,30.627217
104.043083,30.6271
104.043083,30.627033
104.0431,30.626967
104.043117,30.6269
104.043217,30.6268
104.0433,30.626767
104.043383,30.626767
104.043483,30.62675
104.043583,30.626767
104.043683,30.6268
104.04455,30.627133
104.04475,30.627117
104.045033,30.627033
104.0457,30.626733
104.046133,30.626517
104.046317,30.626333
104.0466,30.626067
104.047167,30.625617
104.047267,30.625483
104.04725,30.625383
104.047133,30.6239
104.04695,30.623367
104.046683,30.622933
104.045633,30.621667
104.04545,30.621167
104.045383,30.6206
104.0455,30.6182
104.045817,30.615333
104.046083,30.613483
104.04615,30.611433
104.046217,30.61055
104.046317,30.609783
104.046517,30.608567
104.04705,30.605483
104.04705,30.6047
104.0459,30.6001
104.044717,30.59555
104.044367,30.5922
104.044367,30.590667
104.044267,30.590167
104.04395,30.58935
104.043883,30.587717
104.0439,30.586767
104.043883,30.585983
104.04385,30.585667
104.043833,30.58225
104.043717,30.580883
104.043617,30.580817
104.04355,30.580817
104.043367,30.580817
104.0425,30.58095
104.041767,30.5811
104.041683,30.581083
104.0416,30.581067
104.041533,30.581
104.041383,30.580733
104.041317,30.5804
104.040667,30.578
104.0407,30.57795
104.040767,30.5779
104.040883,30.577867
104.04165,30.577633
104.043433,30.5775
104.0435,30.577467
104.043633,30.577333
104.043667,30.57725
104.043683,30.577017
104.043583,30.575417
104.04325,30.572717
104.0427,30.570667
104.042783,30.570283
104.043583,30.568183
104.04365,30.5674
104.04365,30.566583
104.043733,30.564717
104.043733,30.563217
104.043867,30.5628
104.043867,30.562383
104.043767,30.559067
104.04375,30.555483
104.04375,30.554367
104.0443,30.547983
104.04385,30.544683
104.0438,30.5434
104.0439,30.541533
104.043883,30.538567
104.043817,30.53435
104.04335,30.532767
104.042167,30.529617
104.041933,30.528883
104.041967,30.528717
104.042033,30.528583
104.042133,30.528517
104.042367,30.528467
104.04305,30.5285
104.045433,30.5286
104.045533,30.528517
104.04555,30.528383
104.045533,30.528317
104.044683,30.524167
104.043933,30.5206
104.043883,30.520583
104.043633,30.52055
104.043533,30.52045
104.043,30.52035
104.043,30.52035
104.0424,30.52025
104.042283,30.520333
104.0416,30.52085
104.041417,30.520967
104.040783,30.521117
104.040433,30.521033
104.040417,30.521317
104.040333,30.521533
104.040417,30.521733
104.040367,30.5218
104.040267,30.52185
104.039883,30.521983
104.039833,30.52205
104.0398,30.522183
104.039833,30.522267
104.040767,30.52505
104.042683,30.53005
104.044067,30.534383
104.044133,30.5365
104.044167,30.536667
104.044183,30.536817
104.04415,30.538917
104.044067,30.54025
104.04375,30.540367
104.043233,30.5404
104.0374,30.5404
104.03425,30.5404
104.031967,30.5404
104.03155,30.5404
104.02745,30.540133
104.026333,30.539717
104.024967,30.539217
104.024833,30.539233
104.024717,30.5393
104.024583,30.539417
104.022733,30.541983
104.02075,30.54485
104.019433,30.5475
104.019117,30.54835
104.018567,30.550083
104.018483,30.55065
104.018333,30.551317
104.0177,30.55295
104.016867,30.555083
104.016367,30.555483
104.015983,30.555667
104.01585,30.555667
104.015283,30.555717
104.014317,30.555817
104.014117,30.555767
104.01285,30.554833
104.010683,30.553517
104.009233,30.552967
104.008417,30.552633
104.008317,30.552783
104.008383,30.552867
104.0085,30.553
104.008517,30.553167
104.00835,30.553367
104.008183,30.553367
104.008367,30.553317
104.008367,30.553317
104.00845,30.553183
104.008217,30.5531
104.007983,30.553
104.0081,30.552883
104.008217,30.552833
104.008283,30.5525
104.007917,30.552333
104.0051,30.551167
104.003233,30.550417
104.002233,30.550033
104.0008,30.549333
103.998617,30.548533
103.9969,30.547917
103.995017,30.547517
103.992083,30.547283
103.9896,30.546933
103.988183,30.5468
103.988033,30.546883
103.988017,30.546917
103.988,30.547033
103.988,30.5489
103.9874,30.5508
103.9872,30.5508
103.98575,30.550317
103.985117,30.550117
103.98495,30.550117
103.98475,30.550233
103.984683,30.5504
103.984383,30.552283
103.984233,30.553017
103.984117,30.553083
103.983933,30.553167
103.983617,30.55315
103.978767,30.553033
103.9777,30.552983
103.976817,30.55305
103.972383,30.554317
103.9714,30.554633
103.971367,30.5547
103.97135,30.55485
103.971433,30.557617
103.971217,30.5582
103.97095,30.558583
103.970467,30.559
103.970017,30.55925
103.96745,30.560117
103.96425,30.56115
103.963567,30.561183
103.961933,30.561267
103.957833,30.559733
103.951617,30.557633
103.945417,30.555333
103.93975,30.553233
103.9373,30.552383
103.937217,30.5524
103.93705,30.552483
103.933917,30.554783
103.93205,30.556233
103.93165,30.556817
103.931017,30.5572
103.930833,30.5573
103.930383,30.5574
103.927017,30.559867
103.926,30.560583
103.9233,30.56255
103.919317,30.565467
103.914217,30.56845
103.911517,30.569933
103.909233,30.57075
103.905533,30.57195
103.900833,30.573217
103.898983,30.573733
103.898567,30.573883
103.89845,30.574017
103.8984,30.574167
103.89845,30.57435
103.899233,30.57725
103.899167,30.57735
103.89905,30.577417
103.898883,30.57745
103.896033,30.57785
103.896,30.577867
103.895983,30.57795
103.8966,30.580783
103.896783,30.5813
103.896883,30.581367
103.897,30.581367
103.897183,30.581317
103.897267,30.58125
103.897267,30.5812
103.897133,30.581067
103.896917,30.581117
103.896867,30.581017
103.89695,30.580833
103.897267,30.580817
103.8976,30.5808
103.897767,30.580883
103.897767,30.580883
103.89755,30.58095
103.89735,30.581
103.897467,30.581267
103.9002,30.58115
103.900283,30.581067
103.900333,30.58095
103.900317,30.580867
103.899117,30.576867
103.898333,30.574217
103.898267,30.573883
103.898333,30.573783
103.898433,30.573717
103.89895,30.573567
103.903083,30.57245
103.9069,30.571367
103.912017,30.569583
103.9158,30.567733
103.921067,30.56405
103.9241,30.561867
103.9296,30.55785
103.9305,30.557183
103.930617,30.556983
103.930733,30.556633
103.930783,30.556583
103.931033,30.556467
103.932167,30.555917
103.936233,30.5529
103.937317,30.55215
103.9374,30.552133
103.9375,30.552133
103.937717,30.552183
103.942317,30.5539
103.946983,30.55565
103.953333,30.557967
103.958167,30.559733
103.962233,30.561117
103.96275,30.56115
103.964217,30.561017
103.970083,30.559067
103.97045,30.558817
103.970883,30.558417
103.9712,30.557933
103.971367,30.557417
103.971367,30.556583
103.971267,30.55455
103.971367,30.554467
103.971517,30.5544
103.975083,30.5534
103.977283,30.552833
103.98175,30.552983
103.983867,30.553017
103.984,30.552967
103.984117,30.55285
103.9842,30.552683
103.984767,30.549383
103.9851,30.547867
103.98535,30.54785
103.987967,30.547933
103.9881,30.548083
103.987783,30.549817
103.987783,30.549817
103.987233,30.5513
103.9871,30.5516
103.98675,30.552267
103.986767,30.55295
103.987,30.55305
103.989283,30.553217
103.993,30.5541
103.996267,30.554783
103.9999,30.55555
104.002583,30.556317
104.002667,30.5563
104.002733,30.556267
104.002767,30.556217
104.0028,30.55615
104.0028,30.55595
104.002983,30.551867
104.003017,30.549267
104.00295,30.547417
104.002833,30.547333
104.001783,30.546883
104.0011,30.5466
104,30.546167
104.001517,30.546617
104.002983,30.54735
104.00305,30.547517
104.003217,30.5501
104.003283,30.5502
104.0035,30.55035
104.006317,30.551633
104.00825,30.552467
104.008483,30.552533
104.0087,30.552583
104.010283,30.553233
104.0115,30.553817
104.0125,30.554533
104.0132,30.555
104.0143,30.555767
104.015067,30.555733
104.01605,30.555583
104.016217,30.555517
104.016667,30.5552
104.0169,30.5549
104.017667,30.552917
104.0184,30.55075
104.018617,30.5497
104.019517,30.54715
104.0207,30.544917
104.021033,30.544683
104.021217,30.544583
104.0215,30.544517
104.021717,30.5445
104.026333,30.544533
104.026467,30.5445
104.0265,30.544467
104.026533,30.544417
104.026533,30.54435
104.026617,30.54215
104.026683,30.542117
104.026967,30.542083
104.027533,30.542017
104.027967,30.5421
104.029033,30.5421
104.029133,30.54215
104.02925,30.5423
104.029283,30.542433
104.029317,30.544533
104.0294,30.544583
104.029533,30.5446
104.031683,30.544467
104.031783,30.544417
104.03185,30.5443
104.031883,30.542083
104.03195,30.54035
104.032,30.5403
104.032067,30.540267
104.032283,30.540233
104.034383,30.54025
104.0389,30.540283
104.043533,30.54025
104.043683,30.540183
104.043733,30.540117
104.043767,30.540033
104.0438,30.53985
104.04375,30.536033
104.043633,30.533883
104.042533,30.530733
104.041967,30.528883
104.042,30.528733
104.042083,30.528617
104.042217,30.528517
104.0423,30.528483
104.0425,30.528467
104.045083,30.528583
104.042833,30.517883
104.040683,30.517917
104.040567,30.518
104.040483,30.518083
104.040233,30.51895
104.040167,30.519183
104.040017,30.519417
104.03975,30.51975
104.039383,30.520667
104.039433,30.520833
104.03975,30.5218
104.0398,30.521867
104.039867,30.521883
104.04005,30.521917
104.040417,30.521883
104.043933,30.52135
104.044,30.5213
104.04405,30.52125
104.044083,30.52115
104.044,30.520733
104.043833,30.5206
104.0436,30.520483
104.042683,30.520283
104.042483,30.520367
104.042283,30.520267
104.042133,30.52035
104.041883,30.5206
104.041533,30.5209
104.040867,30.521133
104.040467,30.521067
104.040317,30.521133
104.04025,30.52185
104.039917,30.522
104.03985,30.522083
104.03985,30.5222
104.0409,30.52495
104.041733,30.527333
104.04205,30.528283
104.04195,30.5284
104.041817,30.528467
104.041633,30.5285
104.041283,30.5285
104.036083,30.5281
104.03175,30.52785
104.03155,30.5279
104.0313,30.5281
104.031217,30.528183
104.029933,30.53025
104.029883,30.5305
104.0299,30.53065
104.029933,30.530717
104.03005,30.530883
104.030017,30.531
104.028633,30.53415
104.027633,30.53625
104.02735,30.536483
104.026317,30.537183
104.026267,30.537333
104.026133,30.53765
104.025683,30.5383
104.0252,30.5388
104.024417,30.53965
104.022283,30.542667
104.021633,30.54365
104.021617,30.5443
104.0217,30.544467
104.021783,30.544483
104.022583,30.544417
104.022583,30.544417
104.027,30.544517
104.02885,30.544567
104.0291,30.544633
104.029217,30.544733
104.029233,30.54485
104.029233,30.547467
104.029267,30.548967
104.029333,30.549033
104.02945,30.549067
104.029667,30.549067
104.03215,30.549067
104.035983,30.549067
104.03925,30.5491
104.040017,30.548817
104.0407,30.548883
104.041117,30.548967
104.042667,30.548933
104.042883,30.548883
104.043583,30.549017
104.04375,30.5491
104.043883,30.549283
104.043933,30.5494
104.043983,30.549683
104.044033,30.552933
104.043983,30.5546
104.044067,30.5571
104.04405,30.55815
104.044033,30.560067
104.04385,30.562133
104.043917,30.562617
104.044133,30.563667
104.043717,30.566233
104.043667,30.567917
104.0435,30.5688
104.042883,30.570733
104.04295,30.571183
104.0438,30.574
104.04385,30.5756
104.044167,30.578017
104.0441,30.580233
104.044117,30.58185
104.044083,30.584817
104.044083,30.587717
104.044167,30.589133
104.044283,30.59
104.044317,30.59055
104.044517,30.591467
104.044533,30.591567
104.044567,30.59285
104.044667,30.5941
104.0448,30.5951
104.044967,30.595867
104.045767,30.599383
104.046017,30.600333
104.046483,30.602133
104.0468,30.603367
104.047083,30.604467
104.047117,30.605567
104.046817,30.607417
104.046683,30.608233
104.046533,30.609083
104.046417,30.610183
104.04655,30.6112
104.046483,30.611333
104.04635,30.61145
104.046267,30.6115
104.046067,30.61155
104.045033,30.6117
104.040733,30.61385
104.039833,30.614233
104.037267,30.6155
104.036417,30.615933
104.036067,30.616033
104.033933,30.6172
104.032317,30.618683
104.0321,30.6189
104.032083,30.618967
104.03205,30.619133
104.0321,30.619383
104.03225,30.619533
104.033783,30.621833
104.03685,30.626867
104.037867,30.628217
104.039017,30.6296
104.039117,30.629617
104.039233,30.629617
104.041483,30.6287
104.042683,30.628033
104.042867,30.627883
104.0432,30.62775
104.0436,30.627667
104.044833,30.62705
104.045,30.62705
104.044967,30.62725
104.044433,30.62755
104.044317,30.627633
104.044317,30.627683
104.04435,30.627767
104.0447,30.628067
104.044583,30.628233
104.04455,30.628417
104.044617,30.628617
104.045283,30.629733
104.045767,30.630733
104.046383,30.631567
104.04755,30.633283
104.049933,30.637
104.051433,30.639333
104.051767,30.639733
104.052,30.639617
104.052117,30.639533
104.053,30.6391
104.053883,30.6387
104.054017,30.638783
104.055083,30.64045
104.055267,30.640417
104.057183,30.639617
104.0573,30.63965
104.0574,30.6397
104.057483,30.639783
104.057733,30.64015
104.058667,30.64225
104.05935,30.643583
104.058967,30.6439
104.058683,30.645333
104.0586,30.6454
104.058333,30.6449
104.058283,30.644483
104.056467,30.6449
104.056483,30.64495
104.056733,30.645633
104.057067,30.646117
104.057183,30.64635
104.057333,30.64645
104.057333,30.6465
104.0573,30.646567
104.05715,30.646667
104.056467,30.647
104.05615,30.647
104.056083,30.64695
104.054633,30.644883
104.053433,30.64285
104.0522,30.640933
104.050067,30.637583
104.047517,30.63365
104.04635,30.631817
104.04565,30.6308
104.04525,30.630133
104.043683,30.6276
104.0435,30.62745
104.0431,30.6272
104.043067,30.627083
104.043083,30.62695
104.043183,30.626833
104.043267,30.6268
104.04345,30.626767
104.043667,30.626783
104.04385,30.6269
104.04425,30.6271
104.044683,30.627167
104.0448,30.627133
104.045033,30.62705
104.045267,30.62695
104.046367,30.626283
104.046833,30.625717
104.047167,30.625533
104.047267,30.625433
104.047217,30.62465
104.047083,30.623767
104.04685,30.6232
104.045583,30.621583
104.04545,30.621233
104.045383,30.6206
104.0455,30.618383
104.045817,30.615117
104.046533,30.608383
104.04705,30.604917
104.046333,30.601983
104.0453,30.59785
104.044567,30.593983
104.044017,30.589333
104.043833,30.588383
104.04395,30.584267
104.0439,30.57935
104.043583,30.57475
104.0433,30.572583
104.04275,30.570867
104.042783,30.570383
104.0436,30.56695
104.043683,30.564833
104.043717,30.562717
104.0437,30.56095
104.043583,30.55965
104.04345,30.55745
104.043583,30.55505
104.043733,30.55265
104.043633,30.550033
104.043567,30.549383
104.043283,30.549317
104.042733,30.549267
104.041517,30.549183
104.041067,30.5493
104.0409,30.549367
104.040783,30.549183
104.040417,30.54925
104.040417,30.54925
104.038,30.549217
104.03555,30.549217
104.0326,30.54915
104.03195,30.549117
104.031867,30.549033
104.031867,30.548733
104.031867,30.547117
104.031983,30.547017
104.032117,30.547
104.033617,30.547017
104.033733,30.546467
104.034017,30.546467
104.033633,30.546833
104.033633,30.546833
104.03355,30.547
104.032,30.547017
104.031867,30.546933
104.031817,30.546833
104.031783,30.546633
104.031767,30.54475
104.031683,30.544667
104.031533,30.544617
104.030517,30.544617
104.027817,30.544617
104.02775,30.544667
104.027933,30.545183
104.029067,30.545433
104.029067,30.545433
104.029133,30.545017
104.029217,30.545217
104.029183,30.549317
104.029167,30.551933
104.0292,30.553417
104.0293,30.553517
104.029383,30.553567
104.029567,30.5536
104.032283,30.553583
104.03395,30.553617
104.033817,30.553683
104.0311,30.553683
104.029967,30.553717
104.029917,30.553917
104.0301,30.554433
104.03005,30.554433
104.029983,30.554233
104.029783,30.553783
104.029583,30.553717
104.029167,30.55375
104.029367,30.553833
104.029583,30.55385
104.029083,30.554067
104.029083,30.554067
104.028967,30.5538
104.028833,30.553767
104.026917,30.55365
104.026967,30.553533
104.0271,30.553533
104.028817,30.5535
104.0289,30.553483
104.029,30.5534
104.029033,30.55335
104.029083,30.553283
104.029117,30.553133
104.02915,30.54985
104.02915,30.547083
104.029117,30.544767
104.029,30.544717
104.028867,30.5447
104.02835,30.544667
104.027767,30.54465
104.02775,30.5447
104.02775,30.5447
104.02775,30.5447
104.02775,30.5447
104.02775,30.5447
104.02775,30.5447
104.02775,30.5447
104.02775,30.5447
104.02775,30.5447
104.02775,30.5447
104.02775,30.5447
104.02775,30.5447
104.029167,30.545367
104.0292,30.54495
104.029217,30.54505
104.02925,30.547917
104.02925,30.550483
104.029267,30.551017
104.029267,30.553417
104.029367,30.5535
104.029433,30.553533
104.0295,30.553533
104.03255,30.553583
104.033967,30.553567
104.0339,30.55365
104.030467,30.5537
104.029933,30.55375
104.029917,30.553783
104.029917,30.553817
104.029933,30.5539
104.030433,30.55515
104.0303,30.55525
104.03005,30.555383
104.030317,30.555317
104.030317,30.555317
104.030333,30.55515
104.0298,30.553783
104.029683,30.553717
104.029617,30.5537
104.026867,30.55365
104.026983,30.553567
104.028933,30.553517
104.028983,30.553483
104.029033,30.553433
104.0291,30.553317
104.029117,30.553233
104.0291,30.5503
104.029117,30.54755
104.029083,30.544767
104.029017,30.5447
104.028917,30.544683
104.02865,30.54465
104.02395,30.544617
104.021567,30.544483
104.021567,30.5442
104.021617,30.54355
104.0232,30.541333
104.02455,30.539417
104.02465,30.53915
104.02465,30.539083
104.024633,30.539017
104.0246,30.53895
104.024533,30.5389
104.02435,30.5388
104.020683,30.53715
104.019717,30.53685
104.0191,30.536783
104.018433,30.53685
104.01785,30.537017
104.017117,30.537283
104.01685,30.5373
104.016683,30.537267
104.016617,30.537217
104.016483,30.5371
104.016317,30.53685
104.015583,30.535333
104.014517,30.5324
104.012817,30.529833
104.007833,30.524583
104.005017,30.52175
104.0049,30.521433
104.003633,30.51705
104.001983,30.511583
104.0007,30.50755
103.997933,30.502867
103.996367,30.500267
103.996283,30.500083
103.996317,30.49995
103.996417,30.4998
103.99655,30.499733
104.000233,30.498233
104.000333,30.498283
104.000433,30.498417
104.000683,30.499217
104.000417,30.49855
104.000333,30.498267
104.00035,30.4982
104.000433,30.498133
104.000783,30.497967
104.0045,30.496783
104.007633,30.4962
104.00785,30.4961
104.007983,30.496117
104.00855,30.496117
104.012033,30.495883
104.014083,30.495767
104.0167,30.495583
104.01735,30.495567
104.01745,30.495617
104.01755,30.495733
104.017667,30.496
104.018717,30.500333
104.0194,30.503667
104.0205,30.506717
104.021833,30.509933
104.023683,30.514783
104.024483,30.516917
104.0246,30.517
104.024733,30.517017
104.02495,30.516983
104.0284,30.516183
104.03205,30.51535
104.036933,30.51435
104.03705,30.514383
104.037167,30.514483
104.037317,30.514683
104.037483,30.515033
104.038417,30.517933
104.039283,30.520667
104.03975,30.5218
104.039783,30.52185
104.03985,30.521867
104.039917,30.521883
104.040067,30.5219
104.0436,30.521383
104.043917,30.521317
104.044017,30.521267
104.044033,30.521183
104.044167,30.519567
104.044483,30.518983
104.045,30.516967
104.0451,30.51455
104.04505,30.514433
104.044933,30.5144
104.04475,30.514383
104.041733,30.514133
104.038933,30.514017
104.03525,30.514767
104.031233,30.515683
104.03055,30.5159
104.025917,30.51695
104.019867,30.518317
104.0154,30.519333
104.0112,30.52025
104.0095,30.520633
104.005767,30.521483
104.00495,30.52145
104.003717,30.517417
104.002117,30.51205
104.00095,30.5083
104.00015,30.506533
103.997967,30.5029
103.99655,30.500567
103.99625,30.499967
103.996317,30.49985
103.9965,30.499733
103.999,30.49865
104.000183,30.4982
104.0003,30.498233
104.0004,30.498317
104.000467,30.49845
104.0006,30.498967
104.000667,30.499133
104.00075,30.499167
104.0005,30.498733
104.000317,30.498333
104.000267,30.498283
104.000133,30.498267
104,30.498317
103.996817,30.4997
103.9964,30.499917
103.996333,30.500017
103.996333,30.500067
103.99635,30.500133
103.99865,30.5039
104.000817,30.50765
104.002767,30.513833
104.004367,30.51915
104.0052,30.52165
104.005417,30.521967
104.0093,30.526
104.012917,30.529833
104.014283,30.531817
104.01595,30.535433
104.016833,30.537067
104.016983,30.537183
104.017083,30.5372
104.0172,30.537217
104.0173,30.5372
104.017483,30.537117
104.018683,30.536733
104.019267,30.5367
104.0199,30.536783
104.020567,30.537017
104.024117,30.5386
104.024633,30.538933
104.024717,30.539117
104.024717,30.539233
104.024617,30.539383
104.022967,30.5417
104.022117,30.542933
104.021617,30.54365
104.0216,30.544333
104.021717,30.54445
104.021833,30.5445
104.025667,30.54455
104.028617,30.5445
104.0285,30.544617
104.027767,30.544617
104.027767,30.544783
104.027867,30.545
104.027833,30.545233
104.027867,30.54535
104.028083,30.545517
104.028083,30.545517
104.028083,30.545517
104.029217,30.545417
104.028517,30.5463
